Folder,Filename,Height,Width;;;;;;;
geblek-renteng,1.jpg,224,224;;;;;;;
geblek-renteng,10.jpg,224,224;;;;;;;
geblek-renteng,11.jpg,224,224;;;;;;;
geblek-renteng,12.jpg,224,224;;;;;;;
geblek-renteng,13.jpg,224,224;;;;;;;
geblek-renteng,14.jpg,224,224;;;;;;;
geblek-renteng,15.jpg,224,224;;;;;;;
geblek-renteng,16.jpg,224,224;;;;;;;
geblek-renteng,17.jpg,224,224;;;;;;;
geblek-renteng,18.jpg,224,224;;;;;;; 
geblek-renteng,19.jpg,224,224;;;;;;;
geblek-renteng,2.jpg,224,224;;;;;;;
geblek-renteng,20.jpg,224,224;;;;;;;
geblek-renteng,21.jpg,224,224;;;;;;;
geblek-renteng,22.jpg,224,224;;;;;;;
geblek-renteng,23.jpg,224,224;;;;;;;
geblek-renteng,24.jpg,224,224;;;;;;;
geblek-renteng,25.jpg,224,224;;;;;;;
geblek-renteng,26.jpg,224,224;;;;;;;
geblek-renteng,27.jpg,224,224;;;;;;;
geblek-renteng,28.jpg,224,224;;;;;;;
geblek-renteng,29.jpg,224,224;;;;;;;
geblek-renteng,3.jpg,224,224;;;;;;;
geblek-renteng,30.jpg,224,224;;;;;;;
geblek-renteng,31.jpg,224,224;;;;;;;
geblek-renteng,32.jpg,224,224;;;;;;;
geblek-renteng,33.jpg,224,224;;;;;;;
geblek-renteng,34.jpg,224,224;;;;;;;
geblek-renteng,35.jpg,224,224;;;;;;;
geblek-renteng,36.jpg,224,224;;;;;;;
geblek-renteng,37.jpg,224,224;;;;;;;
geblek-renteng,38.jpg,224,224;;;;;;;
geblek-renteng,39.jpg,224,224;;;;;;;
geblek-renteng,4.jpg,224,224;;;;;;;
geblek-renteng,40.jpg,224,224;;;;;;;
geblek-renteng,41.jpg,224,224;;;;;;;
geblek-renteng,42.jpg,224,224;;;;;;;
geblek-renteng,43.jpg,224,224;;;;;;;
geblek-renteng,44.jpg,224,224;;;;;;;
geblek-renteng,45.jpg,224,224;;;;;;;
geblek-renteng,46.jpg,224,224;;;;;;;
geblek-renteng,47.jpg,224,224;;;;;;;
geblek-renteng,48.jpg,224,224;;;;;;;
geblek-renteng,49.jpeg,224,224;;;;;;;
geblek-renteng,5.jpg,224,224;;;;;;;
geblek-renteng,50.jpg,224,224;;;;;;;
geblek-renteng,6.jpg,224,224;;;;;;;
geblek-renteng,7.jpg,224,224;;;;;;;
geblek-renteng,8.jpg,224,224;;;;;;;
geblek-renteng,9.jpg,224,224;;;;;;;
gentongan,1.jpg,224,224;;;;;;;
gentongan,10.jpg,224,224;;;;;;;
gentongan,11.jpg,224,224;;;;;;;
gentongan,12.jpg,224,224;;;;;;;
gentongan,13.jpg,224,224;;;;;;;
gentongan,14.jpg,224,224;;;;;;;
gentongan,15.jpg,224,224;;;;;;;
gentongan,16.jpg,224,224;;;;;;;
gentongan,17.jpg,224,224;;;;;;;
gentongan,18.jpg,224,224;;;;;;;
gentongan,19.jpg,224,224;;;;;;;
gentongan,2.jpg,224,224;;;;;;;
gentongan,20.jpg,224,224;;;;;;;
gentongan,21.jpg,224,224;;;;;;;
gentongan,22.jpg,224,224;;;;;;;
gentongan,23.jpg,224,224;;;;;;;
gentongan,24.jpg,224,224;;;;;;;
gentongan,25.jpg,224,224;;;;;;;
gentongan,26.jpg,224,224;;;;;;;
gentongan,27.jpg,224,224;;;;;;;
gentongan,28.jpg,224,224;;;;;;;
gentongan,29.jpg,224,224;;;;;;;
gentongan,3.jpg,224,224;;;;;;;
gentongan,30.jpg,224,224;;;;;;;
gentongan,31.jpg,224,224;;;;;;;
gentongan,32.jpg,224,224;;;;;;;
gentongan,33.jpg,224,224;;;;;;;
gentongan,34.jpg,224,224;;;;;;;
gentongan,35.jpg,224,224;;;;;;;
gentongan,36.jpg,224,224;;;;;;;
gentongan,37.jpg,224,224;;;;;;;
gentongan,38.jpg,224,224;;;;;;;
gentongan,39.jpg,224,224;;;;;;;
gentongan,4.jpg,224,224;;;;;;;
gentongan,40.jpg,224,224;;;;;;;
gentongan,41.jpg,224,224;;;;;;;
gentongan,42.jpg,224,224;;;;;;;
gentongan,43.jpg,224,224;;;;;;;
gentongan,44.jpg,224,224;;;;;;;
gentongan,45.jpg,224,224;;;;;;;
gentongan,46.jpg,224,224;;;;;;;
gentongan,47.jpg,224,224;;;;;;;
gentongan,48.jpg,224,224;;;;;;;
gentongan,49.jpg,224,224;;;;;;;
gentongan,5.jpg,224,224;;;;;;;
gentongan,50.jpg,224,224;;;;;;;
gentongan,6.jpg,224,224;;;;;;;
gentongan,7.jpg,224,224;;;;;;;
gentongan,8.jpg,224,224;;;;;;;
gentongan,9.jpg,224,224;;;;;;;
liong,1.jpg,224,224;;;;;;;
liong,10.jpg,224,224;;;;;;;
liong,11.jpg,224,224;;;;;;;
liong,12.jpg,224,224;;;;;;;
liong,13.jpg,224,224;;;;;;;
liong,14.jpg,224,224;;;;;;;
liong,15.jpg,224,224;;;;;;;
liong,16.jpg,224,224;;;;;;;
liong,17.jpg,224,224;;;;;;;
liong,18.jpg,224,224;;;;;;;
liong,19.jpg,224,224;;;;;;;
liong,2.jpg,224,224;;;;;;;
liong,20.jpg,224,224;;;;;;;
liong,21.jpg,224,224;;;;;;;
liong,22.jpg,224,224;;;;;;;
liong,23.jpg,224,224;;;;;;;
liong,24.jpg,224,224;;;;;;;
liong,25.jpg,224,224;;;;;;;
liong,26.jpg,224,224;;;;;;;
liong,27.jpg,224,224;;;;;;;
liong,28.jpg,224,224;;;;;;;
liong,29.jpg,224,224;;;;;;;
liong,3.jpg,224,224;;;;;;;
liong,30.jpg,224,224;;;;;;;
liong,31.jpg,224,224;;;;;;;
liong,32.jpg,224,224;;;;;;;
liong,33.jpg,224,224;;;;;;;
liong,34.jpg,224,224;;;;;;;
liong,35.jpg,224,224;;;;;;;
liong,36.jpg,224,224;;;;;;;
liong,37.jpg,224,224;;;;;;;
liong,38.jpg,224,224;;;;;;;
liong,39.jpg,224,224;;;;;;;
liong,4.jpg,224,224;;;;;;;
liong,40.jpg,224,224;;;;;;;
liong,41.jpg,224,224;;;;;;;
liong,42.jpg,224,224;;;;;;;
liong,43.jpg,224,224;;;;;;;
liong,44.jpg,224,224;;;;;;;
liong,45.jpg,224,224;;;;;;;
liong,46.jpg,224,224;;;;;;;
liong,47.jpg,224,224;;;;;;;
liong,48.jpg,224,224;;;;;;;
liong,49.jpg,224,224;;;;;;;
liong,5.jpg,224,224;;;;;;;
liong,50.jpg,224,224;;;;;;;
liong,6.jpg,224,224;;;;;;;
liong,7.jpg,224,224;;;;;;;
liong,8.jpg,224,224;;;;;;;
liong,9.jpg,224,224;;;;;;;
mega-mendung,1.jpg,224,224;;;;;;;
mega-mendung,10.jpg,224,224;;;;;;;
mega-mendung,11.jpg,224,224;;;;;;;
mega-mendung,12.jpg,224,224;;;;;;;
mega-mendung,13.jpg,224,224;;;;;;;
mega-mendung,14.jpg,224,224;;;;;;;
mega-mendung,15.jpg,224,224;;;;;;;
mega-mendung,16.jpg,224,224;;;;;;;
mega-mendung,17.jpg,224,224;;;;;;;
mega-mendung,18.jpg,224,224;;;;;;;
mega-mendung,19.jpg,224,224;;;;;;;
mega-mendung,2.jpg,224,224;;;;;;;
mega-mendung,20.jpg,224,224;;;;;;;
mega-mendung,21.jpg,224,224;;;;;;;
mega-mendung,22.jpg,224,224;;;;;;;
mega-mendung,23.jpg,224,224;;;;;;;
mega-mendung,24.jpg,224,224;;;;;;;
mega-mendung,25.jpg,224,224;;;;;;;
mega-mendung,26.jpg,224,224;;;;;;;
mega-mendung,27.jpg,224,224;;;;;;;
mega-mendung,28.jpg,224,224;;;;;;;
mega-mendung,29.jpg,224,224;;;;;;;
mega-mendung,3.jpg,224,224;;;;;;;
mega-mendung,30.jpg,224,224;;;;;;;
mega-mendung,31.jpg,224,224;;;;;;;
mega-mendung,32.jpg,224,224;;;;;;;
mega-mendung,33.jpg,224,224;;;;;;;
mega-mendung,34.jpg,224,224;;;;;;;
mega-mendung,35.jpg,224,224;;;;;;;
mega-mendung,36.jpg,224,224;;;;;;;
mega-mendung,37.jpg,224,224;;;;;;;
mega-mendung,38.jpg,224,224;;;;;;;
mega-mendung,39.jpg,224,224;;;;;;;
mega-mendung,4.jpg,224,224;;;;;;;
mega-mendung,40.jpg,224,224;;;;;;;
mega-mendung,41.jpg,224,224;;;;;;;
mega-mendung,42.jpg,224,224;;;;;;;
mega-mendung,43.jpg,224,224;;;;;;;
mega-mendung,44.jpg,224,224;;;;;;;
mega-mendung,45.jpg,224,224;;;;;;;
mega-mendung,46.jpg,224,224;;;;;;;
mega-mendung,47.jpg,224,224;;;;;;;
mega-mendung,48.jpg,224,224;;;;;;;
mega-mendung,49.jpg,224,224;;;;;;;
mega-mendung,5.jpg,224,224;;;;;;;
mega-mendung,50.jpg,224,224;;;;;;;
mega-mendung,6.jpg,224,224;;;;;;;
mega-mendung,7.jpg,224,224;;;;;;;
mega-mendung,8.jpg,224,224;;;;;;;
mega-mendung,9.jpg,224,224;;;;;;;
parang,1.jpg,224,224;;;;;;;
parang,10.jpg,224,224;;;;;;;
parang,11.jpg,224,224;;;;;;;
parang,12.jpg,224,224;;;;;;;
parang,13.jpg,224,224;;;;;;;
parang,14.jpg,224,224;;;;;;;
parang,15.jpg,224,224;;;;;;;
parang,16.bmp,224,224;;;;;;;
parang,17.jpg,224,224;;;;;;;
parang,18.jpg,224,224;;;;;;;
parang,19.jpg,224,224;;;;;;;
parang,2.jpg,224,224;;;;;;;
parang,20.jpg,224,224;;;;;;;
parang,21.jpg,224,224;;;;;;;
parang,22.jpg,224,224;;;;;;;
parang,23.jpg,224,224;;;;;;;
parang,24.jpg,224,224;;;;;;;
parang,25.jpg,224,224;;;;;;;
parang,26.jpg,224,224;;;;;;;
parang,27.jpg,224,224;;;;;;;
parang,28.jpg,224,224;;;;;;;
parang,29.jpg,224,224;;;;;;;
parang,3.jpg,224,224;;;;;;;
parang,30.jpg,224,224;;;;;;;
parang,31.jpg,224,224;;;;;;;
parang,32.jpg,224,224;;;;;;;
parang,33.jpg,224,224;;;;;;;
parang,34.jpg,224,224;;;;;;;
parang,35.jpg,224,224;;;;;;;
parang,36.jpg,224,224;;;;;;;
parang,37.jpg,224,224;;;;;;;
parang,38.jpg,224,224;;;;;;;
parang,39.jpg,224,224;;;;;;;
parang,4.jpg,224,224;;;;;;;
parang,40.jpg,224,224;;;;;;;
parang,41.jpg,224,224;;;;;;;
parang,42.jpg,224,224;;;;;;;
parang,43.jpg,224,224;;;;;;;
parang,44.jpg,224,224;;;;;;;
parang,45.jpg,224,224;;;;;;;
parang,46.jpg,224,224;;;;;;;
parang,47.jpg,224,224;;;;;;;
parang,48.jpg,224,224;;;;;;;
parang,49.jpg,224,224;;;;;;;
parang,5.jpg,224,224;;;;;;;
parang,50.jpg,224,224;;;;;;;
parang,6.jpg,224,224;;;;;;;
parang,7.jpg,224,224;;;;;;;
parang,8.jpg,224,224;;;;;;;
parang,9.jpg,224,224;;;;;;;
sekar-jagad,1.jpg,224,224;;;;;;;
sekar-jagad,10.jpg,224,224;;;;;;;
sekar-jagad,11.jpg,224,224;;;;;;;
sekar-jagad,12.jpg,224,224;;;;;;;
sekar-jagad,13.jpg,224,224;;;;;;;
sekar-jagad,14.jpg,224,224;;;;;;;
sekar-jagad,15.jpg,224,224;;;;;;;
sekar-jagad,16.jpg,224,224;;;;;;;
sekar-jagad,17.jpg,224,224;;;;;;;
sekar-jagad,18.jpg,224,224;;;;;;;
sekar-jagad,19.jpg,224,224;;;;;;;
sekar-jagad,2.jpg,224,224;;;;;;;
sekar-jagad,20.jpg,224,224;;;;;;;
sekar-jagad,21.jpg,224,224;;;;;;;
sekar-jagad,22.jpg,224,224;;;;;;;
sekar-jagad,23.jpg,224,224;;;;;;;
sekar-jagad,24.jpg,224,224;;;;;;;
sekar-jagad,25.jpg,224,224;;;;;;;
sekar-jagad,26.jpg,224,224;;;;;;;
sekar-jagad,27.jpg,224,224;;;;;;;
sekar-jagad,28.jpg,224,224;;;;;;;
sekar-jagad,29.jpg,224,224;;;;;;;
sekar-jagad,3.jpg,224,224;;;;;;;
sekar-jagad,30.jpg,224,224;;;;;;;
sekar-jagad,31.jpg,224,224;;;;;;;
sekar-jagad,32.jpg,224,224;;;;;;;
sekar-jagad,33.jpg,224,224;;;;;;;
sekar-jagad,34.jpg,224,224;;;;;;;
sekar-jagad,35.jpg,224,224;;;;;;;
sekar-jagad,36.jpg,224,224;;;;;;;
sekar-jagad,37.jpg,224,224;;;;;;;
sekar-jagad,38.jpg,224,224;;;;;;;
sekar-jagad,39.jpg,224,224;;;;;;;
sekar-jagad,4.jpg,224,224;;;;;;;
sekar-jagad,40.jpg,224,224;;;;;;;
sekar-jagad,41.jpg,224,224;;;;;;;
sekar-jagad,42.jpg,224,224;;;;;;;
sekar-jagad,43.jpg,224,224;;;;;;;
sekar-jagad,44.jpg,224,224;;;;;;;
sekar-jagad,45.jpg,224,224;;;;;;;
sekar-jagad,46.jpg,224,224;;;;;;;
sekar-jagad,47.jpg,224,224;;;;;;;
sekar-jagad,48.jpg,224,224;;;;;;;
sekar-jagad,49.jpg,224,224;;;;;;;
sekar-jagad,5.jpg,224,224;;;;;;;
sekar-jagad,50.jpg,224,224;;;;;;;
sekar-jagad,6.jpg,224,224;;;;;;;
sekar-jagad,7.jpg,224,224;;;;;;;
sekar-jagad,8.jpg,224,224;;;;;;;
sekar-jagad,9.jpg,224,224;;;;;;;
sidomukti,1.jpg,224,224;;;;;;;
sidomukti,10.jpg,224,224;;;;;;;
sidomukti,11.jpg,224,224;;;;;;;
sidomukti,12.jpg,224,224;;;;;;;
sidomukti,13.jpg,224,224;;;;;;;
sidomukti,14.jpg,224,224;;;;;;;
sidomukti,15.jpg,224,224;;;;;;;
sidomukti,16.jpg,224,224;;;;;;;
sidomukti,17.jpg,224,224;;;;;;;
sidomukti,18.jpg,224,224;;;;;;;
sidomukti,19.jpg,224,224;;;;;;;
sidomukti,2.jpg,224,224;;;;;;;
sidomukti,20.jpg,224,224;;;;;;;
sidomukti,21.jpg,224,224;;;;;;;
sidomukti,22.jpg,224,224;;;;;;;
sidomukti,23.jpg,224,224;;;;;;;
sidomukti,24.jpg,224,224;;;;;;;
sidomukti,25.jpg,224,224;;;;;;;
sidomukti,26.jpg,224,224;;;;;;;
sidomukti,27.jpg,224,224;;;;;;;
sidomukti,28.jpg,224,224;;;;;;;
sidomukti,29.jpg,224,224;;;;;;;
sidomukti,3.jpg,224,224;;;;;;;
sidomukti,30.jpg,224,224;;;;;;;
sidomukti,31.jpg,224,224;;;;;;;
sidomukti,32.jpg,224,224;;;;;;;
sidomukti,33.jpg,224,224;;;;;;;
sidomukti,34.jpg,224,224;;;;;;;
sidomukti,35.jpg,224,224;;;;;;;
sidomukti,36.jpg,224,224;;;;;;;
sidomukti,37.jpg,224,224;;;;;;;
sidomukti,38.jpg,224,224;;;;;;;
sidomukti,39.jpg,224,224;;;;;;;
sidomukti,4.jpg,224,224;;;;;;;
sidomukti,40.jpg,224,224;;;;;;;
sidomukti,41.jpg,224,224;;;;;;;
sidomukti,42.jpg,224,224;;;;;;;
sidomukti,43.jpg,224,224;;;;;;;
sidomukti,44.jpg,224,224;;;;;;;
sidomukti,45.jpg,224,224;;;;;;;
sidomukti,46.jpg,224,224;;;;;;;
sidomukti,47.jpg,224,224;;;;;;;
sidomukti,48.jpg,224,224;;;;;;;
sidomukti,49.jpg,224,224;;;;;;;
sidomukti,5.jpg,224,224;;;;;;;
sidomukti,50.jpg,224,224;;;;;;;
sidomukti,6.jpg,224,224;;;;;;;
sidomukti,7.jpg,224,224;;;;;;;
sidomukti,8.jpg,224,224;;;;;;;
sidomukti,9.jpg,224,224;;;;;;;
tambal,1.jpg,224,224;;;;;;;
tambal,10.jpg,224,224;;;;;;;
tambal,11.jpg,224,224;;;;;;;
tambal,12.jpg,224,224;;;;;;;
tambal,13.jpg,224,224;;;;;;;
tambal,14.jpg,224,224;;;;;;;
tambal,15.jpg,224,224;;;;;;;
tambal,16.jpg,224,224;;;;;;;
tambal,17.jpg,224,224;;;;;;;
tambal,18.jpg,224,224;;;;;;;
tambal,19.jpg,224,224;;;;;;;
tambal,2.jpg,224,224;;;;;;;
tambal,20.jpg,224,224;;;;;;;
tambal,21.jpg,224,224;;;;;;;
tambal,22.jpg,224,224;;;;;;;
tambal,23.jpg,224,224;;;;;;;
tambal,24.jpg,224,224;;;;;;;
tambal,25.jpg,224,224;;;;;;;
tambal,26.jpg,224,224;;;;;;;
tambal,27.jpg,224,224;;;;;;;
tambal,28.jpg,224,224;;;;;;;
tambal,29.jpg,224,224;;;;;;;
tambal,3.jpg,224,224;;;;;;;
tambal,30.jpg,224,224;;;;;;;
tambal,31.jpg,224,224;;;;;;;
tambal,32.jpg,224,224;;;;;;;
tambal,33.jpg,224,224;;;;;;;
tambal,34.jpg,224,224;;;;;;;
tambal,35.jpg,224,224;;;;;;;
tambal,36.jpg,224,224;;;;;;;
tambal,37.jpg,224,224;;;;;;;
tambal,38.jpg,224,224;;;;;;;
tambal,39.jpg,224,224;;;;;;;
tambal,4.jpg,224,224;;;;;;;
tambal,40.jpg,224,224;;;;;;;
tambal,41.jpg,224,224;;;;;;;
tambal,42.jpg,224,224;;;;;;;
tambal,43.jpg,224,224;;;;;;;
tambal,44.jpg,224,224;;;;;;;
tambal,45.jpg,224,224;;;;;;;
tambal,46.jpg,224,224;;;;;;;
tambal,47.jpg,224,224;;;;;;;
tambal,48.jpg,224,224;;;;;;;
tambal,49.jpg,224,224;;;;;;;
tambal,5.jpg,224,224;;;;;;;
tambal,50.jpg,224,224;;;;;;;
tambal,6.jpg,224,224;;;;;;;
tambal,7.jpg,224,224;;;;;;;
tambal,8.jpg,224,224;;;;;;;
tambal,9.jpg,224,224;;;;;;;
truntum,1.jpg,224,224;;;;;;;
truntum,10.jpg,224,224;;;;;;;
truntum,11.jpg,224,224;;;;;;;
truntum,12.jpg,224,224;;;;;;;
truntum,13.jpg,224,224;;;;;;;
truntum,14.jpg,224,224;;;;;;;
truntum,15.jpg,224,224;;;;;;;
truntum,16.jpg,224,224;;;;;;;
truntum,17.jpg,224,224;;;;;;;
truntum,18.jpg,224,224;;;;;;;
truntum,19.jpg,224,224;;;;;;;
truntum,2.jpg,224,224;;;;;;;
truntum,20.jpg,224,224;;;;;;;
truntum,21.jpg,224,224;;;;;;;
truntum,22.jpg,224,224;;;;;;;
truntum,23.jpg,224,224;;;;;;;
truntum,24.jpg,224,224;;;;;;;
truntum,25.jpg,224,224;;;;;;;
truntum,26.jpg,224,224;;;;;;;
truntum,27.jpg,224,224;;;;;;;
truntum,28.jpg,224,224;;;;;;;
truntum,29.jpg,224,224;;;;;;;
truntum,3.jpg,224,224;;;;;;;
truntum,30.jpg,224,224;;;;;;;
truntum,31.jpg,224,224;;;;;;;
truntum,32.jpg,224,224;;;;;;;
truntum,33.jpg,224,224;;;;;;;
truntum,34.jpg,224,224;;;;;;;
truntum,35.jpg,224,224;;;;;;;
truntum,36.jpg,224,224;;;;;;;
truntum,37.jpg,224,224;;;;;;;
truntum,38.jpg,224,224;;;;;;;
truntum,39.jpg,224,224;;;;;;;
truntum,4.jpg,224,224;;;;;;;
truntum,40.jpg,224,224;;;;;;;
truntum,41.jpg,224,224;;;;;;;
truntum,42.jpg,224,224;;;;;;;
truntum,43.jpg,224,224;;;;;;;
truntum,44.jpg,224,224;;;;;;;
truntum,45.jpg,224,224;;;;;;;
truntum,46.jpg,224,224;;;;;;;
truntum,47.jpg,224,224;;;;;;;
truntum,48.jpg,224,224;;;;;;;
truntum,49.jpg,224,224;;;;;;;
truntum,5.jpg,224,224;;;;;;;
truntum,50.jpg,224,224;;;;;;;
truntum,6.jpg,224,224;;;;;;;
truntum,7.jpg,224,224;;;;;;;
truntum,8.jpg,224,224;;;;;;;
truntum,9.jpg,224,224;;;;;;;
tujuh-rupa,1.jpg,224,224;;;;;;;
tujuh-rupa,10.jpg,224,224;;;;;;;
tujuh-rupa,11.jpg,224,224;;;;;;;
tujuh-rupa,12.jpg,224,224;;;;;;;
tujuh-rupa,13.jpg,224,224;;;;;;;
tujuh-rupa,14.jpg,224,224;;;;;;;
tujuh-rupa,15.jpg,224,224;;;;;;;
tujuh-rupa,16.jpg,224,224;;;;;;;
tujuh-rupa,17.jpg,224,224;;;;;;;
tujuh-rupa,18.jpg,224,224;;;;;;;
tujuh-rupa,19.jpg,224,224;;;;;;;
tujuh-rupa,2.jpg,224,224;;;;;;;
tujuh-rupa,20.jpg,224,224;;;;;;;
tujuh-rupa,21.jpg,224,224;;;;;;;
tujuh-rupa,22.jpg,224,224;;;;;;;
tujuh-rupa,23.jpg,224,224;;;;;;;
tujuh-rupa,24.jpg,224,224;;;;;;;
tujuh-rupa,25.jpg,224,224;;;;;;;
tujuh-rupa,26.jpg,224,224;;;;;;;
tujuh-rupa,27.jpg,224,224;;;;;;;
tujuh-rupa,28.jpg,224,224;;;;;;;
tujuh-rupa,29.jpg,224,224;;;;;;;
tujuh-rupa,3.jpg,224,224;;;;;;;
tujuh-rupa,30.jpg,224,224;;;;;;;
tujuh-rupa,31.jpg,224,224;;;;;;;
tujuh-rupa,32.jpg,224,224;;;;;;;
tujuh-rupa,33.jpg,224,224;;;;;;;
tujuh-rupa,34.jpg,224,224;;;;;;;
tujuh-rupa,35.jpg,224,224;;;;;;;
tujuh-rupa,36.jpg,224,224;;;;;;;
tujuh-rupa,37.jpg,224,224;;;;;;;
tujuh-rupa,38.jpg,224,224;;;;;;;
tujuh-rupa,39.jpg,224,224;;;;;;;
tujuh-rupa,4.jpg,224,224;;;;;;;
tujuh-rupa,40.jpg,224,224;;;;;;;
tujuh-rupa,41.jpg,224,224;;;;;;;
tujuh-rupa,42.jpg,224,224;;;;;;;
tujuh-rupa,43.jpg,224,224;;;;;;;
tujuh-rupa,44.jpg,224,224;;;;;;;
tujuh-rupa,45.jpg,224,224;;;;;;;
tujuh-rupa,46.jpg,224,224;;;;;;;
tujuh-rupa,47.jpg,224,224;;;;;;;
tujuh-rupa,48.jpg,224,224;;;;;;;
tujuh-rupa,49.jpg,224,224;;;;;;;
tujuh-rupa,5.jpg,224,224;;;;;;;
tujuh-rupa,50.jpg,224,224;;;;;;;
tujuh-rupa,6.jpg,224,224;;;;;;;
tujuh-rupa,7.jpg,224,224;;;;;;;
tujuh-rupa,8.jpg,224,224;;;;;;;
tujuh-rupa,9.jpg,224,224;;;;;;;
